,level,page_num,block_num,par_num,line_num,word_num,left,top,width,height,conf,text
0,1,1,0,0,0,0,0,0,1695,2194,-1,
1,2,1,1,0,0,0,159,2,408,20,-1,
2,3,1,1,1,0,0,159,2,408,20,-1,
3,4,1,1,1,1,0,159,2,408,20,-1,
4,5,1,1,1,1,1,159,2,253,20,90,CareContinuum
5,5,1,1,1,1,2,435,12,15,2,41,—-
6,5,1,1,1,1,3,472,2,95,20,91,PAHub
7,2,1,2,0,0,0,208,218,161,71,-1,
8,3,1,2,1,0,0,208,218,161,71,-1,
9,4,1,2,1,1,0,208,218,161,71,-1,
10,5,1,2,1,1,1,208,218,161,71,94,Fax
11,2,1,3,0,0,0,184,332,1253,6,-1,
12,3,1,3,1,0,0,184,332,1253,6,-1,
13,4,1,3,1,1,0,184,332,1253,6,-1,
14,5,1,3,1,1,1,184,332,1253,6,95, 
15,2,1,4,0,0,0,200,381,698,21,-1,
16,3,1,4,1,0,0,200,381,698,21,-1,
17,4,1,4,1,1,0,200,381,698,21,-1,
18,5,1,4,1,1,1,200,381,38,21,93,To:
19,5,1,4,1,1,2,827,381,71,21,94,From:
20,2,1,5,0,0,0,180,442,1261,11,-1,
21,3,1,5,1,0,0,180,442,1261,11,-1,
22,4,1,5,1,1,0,180,442,1261,11,-1,
23,5,1,5,1,1,1,180,442,1261,11,95, 
24,2,1,6,0,0,0,201,493,142,21,-1,
25,3,1,6,1,0,0,201,493,142,21,-1,
26,4,1,6,1,1,0,201,493,142,21,-1,
27,5,1,6,1,1,1,201,493,142,21,96,Comments:
28,2,1,7,0,0,0,1435,334,3,441,-1,
29,3,1,7,1,0,0,1435,334,3,441,-1,
30,4,1,7,1,1,0,1435,334,3,441,-1,
31,5,1,7,1,1,1,1435,334,3,441,95, 
32,2,1,8,0,0,0,183,334,4,441,-1,
33,3,1,8,1,0,0,183,334,4,441,-1,
34,4,1,8,1,1,0,183,334,4,441,-1,
35,5,1,8,1,1,1,183,334,4,441,95, 
36,2,1,9,0,0,0,184,771,1253,6,-1,
37,3,1,9,1,0,0,184,771,1253,6,-1,
38,4,1,9,1,1,0,184,771,1253,6,-1,
39,5,1,9,1,1,1,184,771,1253,6,95, 
40,2,1,10,0,0,0,201,855,1292,153,-1,
41,3,1,10,1,0,0,201,855,1292,153,-1,
42,4,1,10,1,1,0,202,855,1282,26,-1,
43,5,1,10,1,1,1,202,855,76,20,96,Please
44,5,1,10,1,1,2,288,857,54,18,96,note
45,5,1,10,1,1,3,351,855,50,20,95,that
46,5,1,10,1,1,4,410,861,42,20,95,you
47,5,1,10,1,1,5,462,861,41,14,96,can
48,5,1,10,1,1,6,513,857,100,24,96,"request,"
49,5,1,10,1,1,7,623,861,76,14,96,renew
50,5,1,10,1,1,8,708,855,43,20,95,and
51,5,1,10,1,1,9,762,855,68,20,96,check
52,5,1,10,1,1,10,839,857,73,18,96,status
53,5,1,10,1,1,11,921,855,25,20,96,of
54,5,1,10,1,1,12,954,855,57,20,96,Prior
55,5,1,10,1,1,13,1020,855,121,26,95,Approvals
56,5,1,10,1,1,14,1151,855,63,26,96,using
57,5,1,10,1,1,15,1223,861,41,14,96,our
58,5,1,10,1,1,16,1272,855,75,20,96,online
59,5,1,10,1,1,17,1357,855,71,20,96,Portal
60,5,1,10,1,1,18,1437,855,47,20,95,tool
61,4,1,10,1,2,0,201,895,1292,29,-1,
62,5,1,10,1,2,1,201,900,22,18,93,at
63,5,1,10,1,2,2,234,895,407,29,88,https://www.express-path.com.
64,5,1,10,1,2,3,656,898,45,20,93,The
65,5,1,10,1,2,4,711,898,149,26,89,ExpressPAth
66,5,1,10,1,2,5,870,900,40,18,90,tool
67,5,1,10,1,2,6,914,898,29,20,90,is
68,5,1,10,1,2,7,952,898,107,20,96,available
69,5,1,10,1,2,8,1068,900,24,18,96,to
70,5,1,10,1,2,9,1103,898,122,26,96,registered
71,5,1,10,1,2,10,1236,904,62,14,95,users
72,5,1,10,1,2,11,1308,898,28,20,96,24
73,5,1,10,1,2,12,1346,898,68,20,95,hours
74,5,1,10,1,2,13,1423,904,12,14,95,a
75,5,1,10,1,2,14,1444,898,49,26,95,"day,"
76,4,1,10,1,3,0,202,940,1273,27,-1,
77,5,1,10,1,3,1,202,940,11,21,95,7
78,5,1,10,1,3,2,223,940,54,27,96,days
79,5,1,10,1,3,3,286,946,12,15,96,a
80,5,1,10,1,3,4,308,940,71,21,95,week.
81,5,1,10,1,3,5,387,940,30,21,96,To
82,5,1,10,1,3,6,427,940,99,27,95,"register,"
83,5,1,10,1,3,7,536,940,78,27,96,simply
84,5,1,10,1,3,8,622,940,76,21,96,follow
85,5,1,10,1,3,9,706,940,40,21,96,the
86,5,1,10,1,3,10,756,940,142,21,96,instructions
87,5,1,10,1,3,11,908,940,58,21,96,after
88,5,1,10,1,3,12,975,940,107,27,96,selecting
89,5,1,10,1,3,13,1090,940,40,21,96,the
90,5,1,10,1,3,14,1140,940,67,21,95,“Click
91,5,1,10,1,3,15,1217,940,54,21,96,here
92,5,1,10,1,3,16,1279,942,24,19,96,to
93,5,1,10,1,3,17,1314,940,110,27,87,Register”
94,5,1,10,1,3,18,1435,940,40,21,94,link
95,4,1,10,1,4,0,202,981,331,27,-1,
96,5,1,10,1,4,1,202,981,18,21,95,in
97,5,1,10,1,4,2,230,981,39,21,96,the
98,5,1,10,1,4,3,280,981,38,21,95,left
99,5,1,10,1,4,4,328,981,59,21,96,hand
100,5,1,10,1,4,5,397,981,46,27,96,sign
101,5,1,10,1,4,6,455,981,18,21,96,in
102,5,1,10,1,4,7,484,981,49,21,96,box.
103,2,1,11,0,0,0,200,1053,1291,69,-1,
104,3,1,11,1,0,0,200,1053,1291,69,-1,
105,4,1,11,1,1,0,200,1053,1291,26,-1,
106,5,1,11,1,1,1,200,1053,103,26,94,Training
107,5,1,11,1,1,2,311,1053,106,20,96,needed?
108,5,1,11,1,1,3,434,1053,54,20,96,Click
109,5,1,11,1,1,4,498,1059,28,14,96,on
110,5,1,11,1,1,5,536,1053,39,20,96,the
111,5,1,11,1,1,6,586,1053,118,20,85,“Tutorial”
112,5,1,11,1,1,7,715,1053,40,20,96,link
113,5,1,11,1,1,8,766,1053,18,20,96,in
114,5,1,11,1,1,9,793,1053,40,20,96,the
115,5,1,11,1,1,10,841,1055,41,24,96,top
116,5,1,11,1,1,11,892,1053,55,26,96,right
117,5,1,11,1,1,12,958,1053,58,20,96,hand
118,5,1,11,1,1,13,1027,1059,79,14,95,corner
119,5,1,11,1,1,14,1115,1053,24,20,96,of
120,5,1,11,1,1,15,1145,1053,40,20,93,the
121,5,1,11,1,1,16,1196,1053,148,26,90,ExpressPAth
122,5,1,11,1,1,17,1356,1053,135,26,96,"homepage,"
123,4,1,11,1,2,0,201,1095,1001,27,-1,
124,5,1,11,1,2,1,201,1095,34,21,96,for
125,5,1,11,1,2,2,244,1095,36,21,96,full
126,5,1,11,1,2,3,290,1102,77,14,96,access
127,5,1,11,1,2,4,375,1098,25,18,96,to
128,5,1,11,1,2,5,410,1095,25,21,96,all
129,5,1,11,1,2,6,445,1095,24,21,96,of
130,5,1,11,1,2,7,476,1095,40,21,96,the
131,5,1,11,1,2,8,524,1095,95,27,95,training
132,5,1,11,1,2,9,627,1095,102,21,96,tutorials
133,5,1,11,1,2,10,738,1102,43,20,96,you
134,5,1,11,1,2,11,792,1098,59,18,96,must
135,5,1,11,1,2,12,862,1095,27,21,95,be
136,5,1,11,1,2,13,900,1095,78,27,95,logged
137,5,1,11,1,2,14,989,1095,46,21,93,into
138,5,1,11,1,2,15,1045,1095,157,27,85,ExpressPAth.
139,2,1,12,0,0,0,201,1163,1240,71,-1,
140,3,1,12,1,0,0,201,1163,1240,71,-1,
141,4,1,12,1,1,0,202,1163,1239,28,-1,
142,5,1,12,1,1,1,202,1165,63,20,96,Need
143,5,1,12,1,1,2,275,1165,126,20,96,additional
144,5,1,12,1,1,3,410,1167,98,24,96,support
145,5,1,12,1,1,4,516,1171,26,14,95,or
146,5,1,12,1,1,5,551,1165,59,20,96,have
147,5,1,12,1,1,6,618,1171,13,14,96,a
148,5,1,12,1,1,7,640,1165,123,26,95,question?
149,5,1,12,1,1,8,780,1165,38,20,92,For
150,5,1,12,1,1,9,827,1165,149,26,92,ExpressPAth
151,5,1,12,1,1,10,985,1163,265,28,91,technical/registration
152,5,1,12,1,1,11,1261,1167,94,24,96,support
153,5,1,12,1,1,12,1366,1165,75,26,96,please
154,4,1,12,1,2,0,201,1208,1047,26,-1,
155,5,1,12,1,2,1,201,1210,90,18,96,contact
156,5,1,12,1,2,2,301,1214,41,14,96,our
157,5,1,12,1,2,3,351,1210,94,24,95,support
158,5,1,12,1,2,4,453,1210,62,18,96,team
159,5,1,12,1,2,5,526,1208,27,26,96,by
160,5,1,12,1,2,6,563,1208,62,26,96,using
161,5,1,12,1,2,7,633,1208,39,20,96,the
162,5,1,12,1,2,8,683,1208,116,26,95,“Support”
163,5,1,12,1,2,9,799,1208,56,20,96,link
164,5,1,12,1,2,10,865,1214,28,14,94,on
165,5,1,12,1,2,11,902,1208,40,20,93,the
166,5,1,12,1,2,12,952,1208,149,26,90,ExpressPAth
167,5,1,12,1,2,13,1113,1208,135,26,96,homepage.
168,2,1,13,0,0,0,188,1538,964,153,-1,
169,3,1,13,1,0,0,189,1538,218,25,-1,
170,4,1,13,1,1,0,189,1538,218,25,-1,
171,5,1,13,1,1,1,189,1538,147,25,96,Confidentiality
172,5,1,13,1,1,2,343,1538,64,19,96,Notice
173,3,1,13,2,0,0,188,1567,964,124,-1,
174,4,1,13,2,1,0,189,1567,908,24,-1,
175,5,1,13,2,1,1,189,1567,35,18,96,The
176,5,1,13,2,1,2,232,1567,103,18,96,documents
177,5,1,13,2,1,3,342,1567,126,24,95,accompanying
178,5,1,13,2,1,4,470,1567,51,24,96,this
179,5,1,13,2,1,5,528,1567,120,18,95,transmission
180,5,1,13,2,1,6,655,1567,69,18,95,contain
181,5,1,13,2,1,7,731,1567,113,18,94,confidential
182,5,1,13,2,1,8,851,1567,100,18,96,information
183,5,1,13,2,1,9,951,1567,46,18,96,that
184,5,1,13,2,1,10,999,1567,27,18,96,is
185,5,1,13,2,1,11,1033,1567,64,24,96,legally
186,4,1,13,2,2,0,188,1593,954,25,-1,
187,5,1,13,2,2,1,188,1593,100,25,95,privileged.
188,5,1,13,2,2,2,297,1593,41,19,96,This
189,5,1,13,2,2,3,346,1593,98,19,94,information
190,5,1,13,2,2,4,444,1593,33,19,96,is
191,5,1,13,2,2,5,484,1593,68,19,96,intended
192,5,1,13,2,2,6,554,1593,58,25,96,only
193,5,1,13,2,2,7,618,1593,19,19,96,for
194,5,1,13,2,2,8,637,1593,42,19,96,the
195,5,1,13,2,2,9,685,1600,32,12,94,use
196,5,1,13,2,2,10,723,1600,11,12,94,of
197,5,1,13,2,2,11,735,1593,41,19,95,the
198,5,1,13,2,2,12,783,1593,88,19,94,individual
199,5,1,13,2,2,13,873,1593,28,19,87,or
200,5,1,13,2,2,14,901,1593,61,25,95,entity
201,5,1,13,2,2,15,968,1593,63,19,95,named
202,5,1,13,2,2,16,1038,1593,60,19,96,above.
203,5,1,13,2,2,17,1107,1593,35,19,96,The
204,4,1,13,2,3,0,189,1620,963,24,-1,
205,5,1,13,2,3,1,189,1620,98,18,96,authorized
206,5,1,13,2,3,2,293,1620,82,24,95,recipient
207,5,1,13,2,3,3,382,1620,22,18,95,of
208,5,1,13,2,3,4,407,1620,33,18,95,this
209,5,1,13,2,3,5,447,1620,97,18,96,information
210,5,1,13,2,3,6,544,1626,32,12,96,is
211,5,1,13,2,3,7,582,1620,95,24,96,prohibited
212,5,1,13,2,3,8,684,1620,44,18,90,from
213,5,1,13,2,3,9,735,1620,93,24,95,disclosing
214,5,1,13,2,3,10,835,1620,32,18,96,this
215,5,1,13,2,3,11,873,1620,109,18,96,information
216,5,1,13,2,3,12,989,1622,17,16,96,to
217,5,1,13,2,3,13,1013,1626,33,18,96,any
218,5,1,13,2,3,14,1052,1620,45,18,96,other
219,5,1,13,2,3,15,1097,1622,55,22,96,party
220,4,1,13,2,4,0,188,1647,931,24,-1,
221,5,1,13,2,4,1,188,1647,58,18,91,unless
222,5,1,13,2,4,2,252,1647,77,24,96,required
223,5,1,13,2,4,3,335,1649,18,16,96,to
224,5,1,13,2,4,4,359,1647,22,18,95,do
225,5,1,13,2,4,5,388,1653,20,12,94,so
226,5,1,13,2,4,6,414,1647,23,24,94,by
227,5,1,13,2,4,7,443,1647,33,18,95,law
228,5,1,13,2,4,8,483,1653,17,12,96,or
229,5,1,13,2,4,9,500,1647,101,24,96,regulation
230,5,1,13,2,4,10,608,1653,20,12,96,and
231,5,1,13,2,4,11,629,1647,32,18,96,is
232,5,1,13,2,4,12,667,1647,77,24,89,required
233,5,1,13,2,4,13,751,1653,11,12,89,o
234,5,1,13,2,4,14,768,1647,67,24,96,destroy
235,5,1,13,2,4,15,842,1647,27,18,95,the
236,5,1,13,2,4,16,875,1647,110,18,95,information
237,5,1,13,2,4,17,991,1647,39,18,96,after
238,5,1,13,2,4,18,1030,1647,30,18,96,its
239,5,1,13,2,4,19,1066,1647,53,18,96,stated
240,4,1,13,2,5,0,188,1673,214,18,-1,
241,5,1,13,2,5,1,188,1673,44,18,96,need
242,5,1,13,2,5,2,237,1673,31,18,96,has
243,5,1,13,2,5,3,275,1673,43,18,96,been
244,5,1,13,2,5,4,325,1673,77,18,94,fulfilled.
245,2,1,14,0,0,0,189,1728,1049,96,-1,
246,3,1,14,1,0,0,189,1728,1049,53,-1,
247,4,1,14,1,1,0,189,1728,1049,25,-1,
248,5,1,14,1,1,1,189,1728,55,25,89,Ifyou
249,5,1,14,1,1,2,251,1734,27,13,96,are
250,5,1,14,1,1,3,284,1730,31,17,96,not
251,5,1,14,1,1,4,321,1728,28,19,96,the
252,5,1,14,1,1,5,356,1728,80,19,96,intended
253,5,1,14,1,1,6,442,1728,87,25,96,"recipient,"
254,5,1,14,1,1,7,535,1734,36,19,96,you
255,5,1,14,1,1,8,578,1734,27,13,96,are
256,5,1,14,1,1,9,612,1728,63,25,96,hereby
257,5,1,14,1,1,10,681,1728,74,19,96,notified
258,5,1,14,1,1,11,762,1728,34,19,93,that
259,5,1,14,1,1,12,802,1734,33,19,93,any
260,5,1,14,1,1,13,842,1728,99,23,96,"disclosure,"
261,5,1,14,1,1,14,949,1728,76,25,96,"copying,"
262,5,1,14,1,1,15,1026,1728,118,23,96,"distribution,"
263,5,1,14,1,1,16,1145,1734,29,17,95,or
264,5,1,14,1,1,17,1174,1728,64,19,95,action
265,4,1,14,1,2,0,189,1757,928,24,-1,
266,5,1,14,1,2,1,189,1757,50,18,95,taken
267,5,1,14,1,2,2,246,1757,16,18,95,in
268,5,1,14,1,2,3,268,1757,74,18,96,reliance
269,5,1,14,1,2,4,350,1763,22,12,96,on
270,5,1,14,1,2,5,379,1757,27,18,96,the
271,5,1,14,1,2,6,413,1759,78,16,96,contents
272,5,1,14,1,2,7,498,1757,21,18,96,of
273,5,1,14,1,2,8,523,1757,46,18,96,these
274,5,1,14,1,2,9,577,1757,93,18,96,documents
275,5,1,14,1,2,10,671,1757,29,18,96,is
276,5,1,14,1,2,11,707,1757,64,24,96,strictly
277,5,1,14,1,2,12,776,1757,101,24,95,prohibited.
278,5,1,14,1,2,13,885,1757,18,18,96,If
279,5,1,14,1,2,14,906,1763,35,18,96,you
280,5,1,14,1,2,15,947,1757,44,18,95,have
281,5,1,14,1,2,16,998,1757,80,18,95,received
282,5,1,14,1,2,17,1084,1757,33,18,81,this
283,3,1,14,2,0,0,189,1781,953,25,-1,
284,4,1,14,2,1,0,189,1781,953,25,-1,
285,5,1,14,2,1,1,189,1781,110,19,96,information
286,5,1,14,2,1,2,306,1787,17,13,96,in
287,5,1,14,2,1,3,330,1787,49,17,86,"error,"
288,5,1,14,2,1,4,386,1781,58,25,96,please
289,5,1,14,2,1,5,451,1781,56,25,96,notify
290,5,1,14,2,1,6,514,1781,26,19,96,the
291,5,1,14,2,1,7,548,1781,61,19,96,sender
292,5,1,14,2,1,8,616,1781,116,25,95,immediately
293,5,1,14,2,1,9,739,1781,33,19,92,and
294,5,1,14,2,1,10,779,1787,69,19,44,arvange
295,5,1,14,2,1,11,856,1781,24,19,96,for
296,5,1,14,2,1,12,880,1781,36,19,96,the
297,5,1,14,2,1,13,923,1783,55,17,48,return
298,5,1,14,2,1,14,985,1787,17,13,95,or
299,5,1,14,2,1,15,1002,1781,112,19,96,destruction
300,5,1,14,2,1,16,1121,1781,21,19,96,of
301,3,1,14,3,0,0,189,1806,155,18,-1,
302,4,1,14,3,1,0,189,1806,155,18,-1,
303,5,1,14,3,1,1,189,1806,46,18,96,these
304,5,1,14,3,1,2,243,1806,101,18,96,documents
305,1,2,0,0,0,0,0,0,1695,2396,-1,
306,2,2,1,0,0,0,159,2,408,20,-1,
307,3,2,1,1,0,0,159,2,408,20,-1,
308,4,2,1,1,1,0,159,2,408,20,-1,
309,5,2,1,1,1,1,159,2,253,20,90,CareContinuum
310,5,2,1,1,1,2,435,12,15,2,41,—-
311,5,2,1,1,1,3,472,2,95,20,91,PAHub
312,2,2,2,0,0,0,1227,157,250,53,-1,
313,3,2,2,1,0,0,1227,157,250,53,-1,
314,4,2,2,1,1,0,1227,157,250,53,-1,
315,5,2,2,1,1,1,1227,157,250,53,87,URGENT
316,2,2,3,0,0,0,449,251,700,57,-1,
317,3,2,3,1,0,0,449,251,700,57,-1,
318,4,2,3,1,1,0,449,251,700,26,-1,
319,5,2,3,1,1,1,449,251,197,26,80,ADDITIONAL
320,5,2,3,1,1,2,657,251,224,26,96,INFORMATION
321,5,2,3,1,1,3,894,251,152,26,96,REQUEST
322,5,2,3,1,1,4,1058,251,91,26,96,FORM
323,4,2,3,1,2,0,711,287,176,21,-1,
324,5,2,3,1,2,1,711,287,53,21,26,Eoc
325,5,2,3,1,2,2,774,287,33,21,95,ID:
326,5,2,3,1,2,3,817,287,70,21,94,83401
327,2,2,4,0,0,0,84,312,1397,153,-1,
328,3,2,4,1,0,0,84,312,1397,153,-1,
329,4,2,4,1,1,0,634,312,847,41,-1,
330,5,2,4,1,1,1,634,324,98,22,46,Orencla
331,5,2,4,1,1,2,741,324,59,22,96,Care
332,5,2,4,1,1,3,808,324,139,22,96,Continuum
333,5,2,4,1,1,4,1443,344,6,9,40,i
334,5,2,4,1,1,5,1463,312,18,8,37,7
335,4,2,4,1,2,0,84,363,1031,59,-1,
336,5,2,4,1,2,1,84,363,368,59,90,CARECONTINUUM
337,5,2,4,1,2,2,454,375,97,25,50,Prone:
338,5,2,4,1,2,3,561,379,164,21,92,877-700-3482
339,5,2,4,1,2,4,746,379,45,21,92,Fax
340,5,2,4,1,2,5,799,379,44,21,88,back
341,5,2,4,1,2,6,846,379,53,21,96,to:
342,5,2,4,1,2,7,910,379,165,21,92,877-530-1012
343,5,2,4,1,2,8,1083,379,32,21,96,Or
344,4,2,4,1,3,0,618,410,362,26,-1,
345,5,2,4,1,3,1,618,410,121,26,70,Gomplete
346,5,2,4,1,3,2,747,410,47,20,92,this
347,5,2,4,1,3,3,803,410,58,20,94,form
348,5,2,4,1,3,4,871,410,77,20,93,online
349,5,2,4,1,3,5,957,410,23,20,95,at
350,4,2,4,1,4,0,547,438,506,27,-1,
351,5,2,4,1,4,1,547,438,506,27,79,https://esiqa.pahub.com/esi_dev_qa_pp
352,2,2,5,0,0,0,64,465,1470,24,-1,
353,3,2,5,1,0,0,64,465,1470,24,-1,
354,4,2,5,1,1,0,64,465,1470,24,-1,
355,5,2,5,1,1,1,64,465,1470,24,95, 
356,2,2,6,0,0,0,81,500,1397,73,-1,
357,3,2,6,1,0,0,81,500,1397,73,-1,
358,4,2,6,1,1,0,82,500,1396,22,-1,
359,5,2,6,1,1,1,82,502,171,16,29,CARECONTINUUM
360,5,2,6,1,1,2,255,502,37,16,77,is
361,5,2,6,1,1,3,300,502,98,16,95,contracted
362,5,2,6,1,1,4,405,502,17,16,93,to
363,5,2,6,1,1,5,430,502,69,20,93,provide
364,5,2,6,1,1,6,506,502,145,20,84,pre-cartification
365,5,2,6,1,1,7,659,502,33,16,96,and
366,5,2,6,1,1,8,700,502,122,16,93,authorization
367,5,2,6,1,1,9,829,502,18,16,96,of
368,5,2,6,1,1,10,853,500,52,18,95,home
369,5,2,6,1,1,11,912,500,58,18,95,health
370,5,2,6,1,1,12,976,502,61,16,96,and/or
371,5,2,6,1,1,13,1043,502,40,16,96,home
372,5,2,6,1,1,14,1085,502,90,16,68,infusion
373,5,2,6,1,1,15,1182,502,82,18,30,"services,"
374,5,2,6,1,1,16,1274,502,47,16,91,MDO
375,5,2,6,1,1,17,1329,506,18,12,96,or
376,5,2,6,1,1,18,1352,502,36,16,93,AIC
377,5,2,6,1,1,19,1395,502,83,16,58,servicas.
378,4,2,6,1,2,0,82,526,1386,20,-1,
379,5,2,6,1,2,1,82,526,67,16,37,Carialn
380,5,2,6,1,2,2,156,526,82,20,90,requests
381,5,2,6,1,2,3,244,526,25,16,96,for
382,5,2,6,1,2,4,276,530,86,16,86,coverage
383,5,2,6,1,2,5,370,526,66,20,28,require
384,5,2,6,1,2,6,442,526,62,16,19,review
385,5,2,6,1,2,7,510,526,37,16,96,with
386,5,2,6,1,2,8,554,526,29,16,96,the
387,5,2,6,1,2,9,590,526,104,20,44,prescribing
388,5,2,6,1,2,10,702,526,93,20,89,physician.
389,5,2,6,1,2,11,803,526,65,16,67,Please
390,5,2,6,1,2,12,874,530,60,12,24,anewer
391,5,2,6,1,2,13,936,526,42,16,96,the
392,5,2,6,1,2,14,984,526,83,20,96,following
393,5,2,6,1,2,15,1075,526,91,20,95,questions
394,5,2,6,1,2,16,1173,526,33,16,96,and
395,5,2,6,1,2,17,1212,526,18,16,96,fax
396,5,2,6,1,2,18,1231,526,49,16,96,this
397,5,2,6,1,2,19,1286,526,42,16,96,form
398,5,2,6,1,2,20,1335,526,17,16,94,to
399,5,2,6,1,2,21,1358,526,30,16,96,the
400,5,2,6,1,2,22,1395,526,73,16,94,number
401,4,2,6,1,3,0,81,551,944,22,-1,
402,5,2,6,1,3,1,81,551,48,18,96,listed
403,5,2,6,1,3,2,138,551,62,18,95,above.
404,5,2,6,1,3,3,207,551,67,18,85,Please
405,5,2,6,1,3,4,282,553,43,16,96,note
406,5,2,6,1,3,5,332,555,36,18,96,any
407,5,2,6,1,3,6,376,551,115,18,91,information
408,5,2,6,1,3,7,500,551,31,18,95,left
409,5,2,6,1,3,8,538,551,54,18,74,blank
410,5,2,6,1,3,9,599,555,21,14,92,or
411,5,2,6,1,3,10,627,551,78,22,30,IIleglbia
412,5,2,6,1,3,11,719,555,41,18,94,may
413,5,2,6,1,3,12,768,551,53,22,96,delay
414,5,2,6,1,3,13,826,551,33,18,96,the
415,5,2,6,1,3,14,867,551,65,18,96,review
416,5,2,6,1,3,15,939,555,86,18,95,process.
417,2,2,7,0,0,0,80,595,1341,347,-1,
418,3,2,7,1,0,0,80,595,1341,347,-1,
419,4,2,7,1,1,0,81,595,1114,21,-1,
420,5,2,7,1,1,1,81,597,80,19,90,Patlent
421,5,2,7,1,1,2,168,597,71,19,95,Name:
422,5,2,7,1,1,3,249,597,112,19,93,CARROLL
423,5,2,7,1,1,4,374,597,81,19,72,AHDIJJ
424,5,2,7,1,1,5,820,595,117,21,74,Prescriber
425,5,2,7,1,1,6,945,595,71,21,95,Name:
426,5,2,7,1,1,7,1025,595,51,21,90,Jane
427,5,2,7,1,1,8,1082,597,22,19,90,A.
428,5,2,7,1,1,9,1115,597,80,19,95,Molinari
429,4,2,7,1,2,0,81,636,1337,21,-1,
430,5,2,7,1,2,1,81,636,88,21,94,Member
431,5,2,7,1,2,2,177,636,88,21,95,Number:
432,5,2,7,1,2,3,275,636,146,21,96,00261524305
433,5,2,7,1,2,4,820,636,43,21,81,Fax:
434,5,2,7,1,2,5,872,636,149,21,63,973-540-8440
435,5,2,7,1,2,6,1181,636,72,21,81,Phone:
436,5,2,7,1,2,7,1269,636,149,21,94,508-845-2323
437,4,2,7,1,3,0,82,677,894,20,-1,
438,5,2,7,1,3,1,82,677,49,20,96,Date
439,5,2,7,1,3,2,140,677,19,20,96,of
440,5,2,7,1,3,3,166,677,53,20,95,Birth:
441,5,2,7,1,3,4,237,677,91,20,91,1/1/2009
442,5,2,7,1,3,5,820,677,60,18,95,Office
443,5,2,7,1,3,6,889,677,87,18,96,Contact:
444,4,2,7,1,4,0,81,718,1316,24,-1,
445,5,2,7,1,4,1,81,718,66,24,96,Group
446,5,2,7,1,4,2,155,718,90,20,69,Number:
447,5,2,7,1,4,3,260,718,149,20,53,WO0345AS02
448,5,2,7,1,4,4,820,718,43,18,68,NPI:
449,5,2,7,1,4,5,874,718,131,20,71,1417948720
450,5,2,7,1,4,6,1181,718,53,20,96,State
451,5,2,7,1,4,7,1243,718,31,20,93,Lic
452,5,2,7,1,4,8,1282,718,27,18,95,ID:
453,5,2,7,1,4,9,1320,718,77,20,96,157073
454,4,2,7,1,5,0,80,757,989,20,-1,
455,5,2,7,1,5,1,80,759,93,18,7,Addrees:
456,5,2,7,1,5,2,190,759,129,18,95,PORTLAND
457,5,2,7,1,5,3,326,759,48,18,95,AVE
458,5,2,7,1,5,4,817,757,94,20,78,Address:
459,5,2,7,1,5,5,926,757,26,20,84,28
460,5,2,7,1,5,6,960,757,68,20,89,JULIO
461,5,2,7,1,5,7,1036,759,33,18,89,DR
462,4,2,7,1,6,0,81,797,1340,25,-1,
463,5,2,7,1,6,1,81,797,45,25,93,"City,"
464,5,2,7,1,6,2,136,797,54,21,96,State
465,5,2,7,1,6,3,198,797,42,21,84,ZIP:
466,5,2,7,1,6,4,255,797,119,23,96,"ASHLAND,"
467,5,2,7,1,6,5,385,797,47,21,96,New
468,5,2,7,1,6,6,439,797,79,23,89,"Mexico,"
469,5,2,7,1,6,7,528,797,65,21,96,68807
470,5,2,7,1,6,8,819,797,44,25,72,"Clty,"
471,5,2,7,1,6,9,873,797,60,23,96,"State,"
472,5,2,7,1,6,10,942,797,38,25,91,Zio;
473,5,2,7,1,6,11,996,797,177,23,96,"SHREWSBURY,"
474,5,2,7,1,6,12,1182,797,164,23,17,"Massachusetts,"
475,5,2,7,1,6,13,1356,797,65,21,88,01645
476,4,2,7,1,7,0,81,838,168,21,-1,
477,5,2,7,1,7,1,81,838,88,21,51,Member
478,5,2,7,1,7,2,177,838,72,21,96,Phone:
479,4,2,7,1,8,0,82,873,1067,69,-1,
480,5,2,7,1,8,1,82,895,49,23,90,Drug
481,5,2,7,1,8,2,141,895,67,19,92,Name:
482,5,2,7,1,8,3,225,893,108,21,91,ORENCIA
483,5,2,7,1,8,4,341,895,39,19,96,250
484,5,2,7,1,8,5,389,893,36,21,95,MG
485,5,2,7,1,8,6,433,895,52,19,96,VIAL
486,5,2,7,1,8,7,1073,873,76,69,48,a
487,3,2,7,2,0,0,1053,928,11,14,-1,
488,4,2,7,2,1,0,1053,928,11,14,-1,
489,5,2,7,2,1,1,1053,928,11,14,34,c
490,2,2,8,0,0,0,82,938,1004,41,-1,
491,3,2,8,1,0,0,82,938,1004,41,-1,
492,4,2,8,1,1,0,82,938,1004,41,-1,
493,5,2,8,1,1,1,82,944,110,21,96,Directions:
494,5,2,8,1,1,2,989,938,97,41,44,coh
495,2,2,9,0,0,0,125,1014,1481,57,-1,
496,3,2,9,1,0,0,125,1014,1481,57,-1,
497,4,2,9,1,1,0,125,1014,1481,24,-1,
498,5,2,9,1,1,1,125,1016,74,20,95,Please
499,5,2,9,1,1,2,206,1016,70,20,96,attach
500,5,2,9,1,1,3,285,1020,40,18,96,any
501,5,2,9,1,1,4,334,1016,101,22,96,pertinent
502,5,2,9,1,1,5,443,1014,87,22,96,medical
503,5,2,9,1,1,6,540,1016,77,22,89,history
504,5,2,9,1,1,7,625,1020,25,16,96,or
505,5,2,9,1,1,8,657,1016,130,20,96,Information
506,5,2,9,1,1,9,795,1016,22,20,87,for
507,5,2,9,1,1,10,820,1014,55,22,94,this
508,5,2,9,1,1,11,885,1016,78,22,93,patient
509,5,2,9,1,1,12,969,1016,46,20,95,that
510,5,2,9,1,1,13,1022,1020,46,18,96,may
511,5,2,9,1,1,14,1076,1016,90,22,95,support
512,5,2,9,1,1,15,1173,1014,105,24,92,"approval,"
513,5,2,9,1,1,16,1287,1014,74,22,96,Please
514,5,2,9,1,1,17,1369,1020,84,16,71,answer
515,5,2,9,1,1,18,1459,1016,34,20,96,the
516,5,2,9,1,1,19,1501,1016,105,22,96,following
517,4,2,9,1,2,0,613,1046,506,25,-1,
518,5,2,9,1,2,1,613,1046,112,25,26,questions
519,5,2,9,1,2,2,732,1046,42,19,90,and
520,5,2,9,1,2,3,782,1046,72,25,6,sign:{*
521,5,2,9,1,2,4,864,1046,118,23,96,Mandatory
522,5,2,9,1,2,5,992,1046,127,25,96,Questions)
523,2,2,10,0,0,0,940,1075,720,10,-1,
524,3,2,10,1,0,0,940,1075,720,10,-1,
525,4,2,10,1,1,0,940,1075,720,10,-1,
526,5,2,10,1,1,1,940,1075,720,10,95, 
527,2,2,11,0,0,0,67,1075,681,10,-1,
528,3,2,11,1,0,0,67,1075,681,10,-1,
529,4,2,11,1,1,0,67,1075,681,10,-1,
530,5,2,11,1,1,1,67,1075,681,10,95, 
531,2,2,12,0,0,0,74,1095,1267,249,-1,
532,3,2,12,1,0,0,74,1095,1267,249,-1,
533,4,2,12,1,1,0,74,1095,576,27,-1,
534,5,2,12,1,1,1,74,1095,40,23,79,Q1.
535,5,2,12,1,1,2,123,1095,55,21,95,What
536,5,2,12,1,1,3,178,1095,34,21,95,is
537,5,2,12,1,1,4,219,1095,38,21,95,the
538,5,2,12,1,1,5,266,1095,96,27,96,patient's
539,5,2,12,1,1,6,372,1095,112,27,95,diagnosis
540,5,2,12,1,1,7,492,1100,24,16,95,or
541,5,2,12,1,1,8,524,1095,126,21,90,indication?
542,4,2,12,1,2,0,104,1136,473,31,-1,
543,5,2,12,1,2,1,104,1142,23,25,9,g
544,5,2,12,1,2,2,143,1136,141,23,50,Rheumatoid
545,5,2,12,1,2,3,294,1136,89,23,89,Arthritis
546,5,2,12,1,2,4,393,1136,51,27,95,(RA)
547,5,2,12,1,2,5,455,1136,18,21,94,in
548,5,2,12,1,2,6,483,1140,28,17,93,an
549,5,2,12,1,2,7,520,1136,57,21,93,adult
550,4,2,12,1,3,0,104,1179,1237,31,-1,
551,5,2,12,1,3,1,104,1185,23,25,33,CO
552,5,2,12,1,3,2,141,1179,98,23,70,Juvenile
553,5,2,12,1,3,3,249,1179,112,27,79,Idiopathic
554,5,2,12,1,3,4,368,1179,91,23,96,Arthritis
555,5,2,12,1,3,5,468,1179,54,27,90,(JIA)
556,5,2,12,1,3,6,532,1179,32,27,87,[or
557,5,2,12,1,3,7,570,1179,97,23,93,Juvenile
558,5,2,12,1,3,8,677,1179,142,23,51,Rheumatald
559,5,2,12,1,3,9,827,1179,91,21,93,Arthritis
560,5,2,12,1,3,10,927,1179,74,27,87,(JRA)]
561,5,2,12,1,3,11,1011,1179,132,27,56,(regardless
562,5,2,12,1,3,12,1151,1179,24,23,96,of
563,5,2,12,1,3,13,1181,1179,50,27,96,type
564,5,2,12,1,3,14,1238,1179,24,21,96,of
565,5,2,12,1,3,15,1270,1179,71,27,91,onset)
566,4,2,12,1,4,0,104,1222,310,31,-1,
567,5,2,12,1,4,1,104,1228,22,25,43,CD
568,5,2,12,1,4,2,143,1222,100,22,93,Psoriatic
569,5,2,12,1,4,3,251,1222,89,22,94,Arthritis
570,5,2,12,1,4,4,351,1222,63,27,60,(PsA)
571,4,2,12,1,5,0,104,1265,267,30,-1,
572,5,2,12,1,5,1,104,1271,23,24,37,CO
573,5,2,12,1,5,2,141,1265,27,22,91,All
574,5,2,12,1,5,3,178,1265,51,22,90,other
575,5,2,12,1,5,4,231,1265,140,22,96,indications
576,4,2,12,1,6,0,74,1316,1145,28,-1,
577,5,2,12,1,6,1,74,1316,40,22,49,Q2.
578,5,2,12,1,6,2,125,1316,45,22,96,Has
579,5,2,12,1,6,3,178,1316,36,22,96,the
580,5,2,12,1,6,4,224,1316,80,28,96,patient
581,5,2,12,1,6,5,312,1316,57,22,96,been
582,5,2,12,1,6,6,379,1316,134,22,78,established
583,5,2,12,1,6,7,522,1322,28,16,93,on
584,5,2,12,1,6,8,560,1316,92,22,92,Orencia
585,5,2,12,1,6,9,662,1316,43,26,94,(SC
586,5,2,12,1,6,10,715,1322,12,16,95,or
587,5,2,12,1,6,11,729,1316,48,26,56,IV)
588,5,2,12,1,6,12,786,1316,33,22,96,for
589,5,2,12,1,6,13,825,1318,86,26,96,greater
590,5,2,12,1,6,14,918,1316,51,22,96,than
591,5,2,12,1,6,15,978,1322,24,16,96,or
592,5,2,12,1,6,16,1009,1316,64,26,94,equal
593,5,2,12,1,6,17,1081,1318,22,20,94,to
594,5,2,12,1,6,18,1112,1316,28,22,96,90
595,5,2,12,1,6,19,1149,1316,70,28,96,days?
596,2,2,13,0,0,0,558,1294,1102,14,-1,
597,3,2,13,1,0,0,558,1294,1102,14,-1,
598,4,2,13,1,1,0,558,1294,1102,14,-1,
599,5,2,13,1,1,1,558,1294,1102,14,95, 
600,2,2,14,0,0,0,271,1364,22,4,-1,
601,3,2,14,1,0,0,271,1364,22,4,-1,
602,4,2,14,1,1,0,271,1364,22,4,-1,
603,5,2,14,1,1,1,271,1364,22,4,95, 
604,2,2,15,0,0,0,74,1359,1542,73,-1,
605,3,2,15,1,0,0,74,1359,1542,73,-1,
606,4,2,15,1,1,0,104,1359,249,26,-1,
607,5,2,15,1,1,1,104,1365,23,20,54,mm
608,5,2,15,1,1,2,142,1359,31,18,91,No
609,5,2,15,1,1,3,308,1359,45,18,91,Yea
610,4,2,15,1,2,0,74,1406,1542,26,-1,
611,5,2,15,1,2,1,74,1406,40,22,41,"Q3,"
612,5,2,15,1,2,2,125,1406,45,22,96,Has
613,5,2,15,1,2,3,178,1406,36,22,96,the
614,5,2,15,1,2,4,224,1406,80,26,90,patient
615,5,2,15,1,2,5,310,1406,51,22,90,tried
616,5,2,15,1,2,6,371,1412,43,16,96,one
617,5,2,15,1,2,7,422,1408,70,20,96,tumor
618,5,2,15,1,2,8,500,1406,98,22,93,necrosis
619,5,2,15,1,2,9,606,1406,68,22,96,factor
620,5,2,15,1,2,10,682,1406,67,26,96,(TNF)
621,5,2,15,1,2,11,759,1406,122,26,96,antagonist
622,5,2,15,1,2,12,890,1406,39,26,96,(for
623,5,2,15,1,2,13,937,1406,106,26,93,"example,"
624,5,2,15,1,2,14,1054,1406,90,24,65,"Humira,"
625,5,2,15,1,2,15,1156,1406,80,24,93,"Enbrel,"
626,5,2,15,1,2,16,1248,1406,86,24,91,"Cimzia,"
627,5,2,15,1,2,17,1344,1406,101,26,91,"Simponi,"
628,5,2,15,1,2,18,1456,1406,128,26,95,Remicade)
629,5,2,15,1,2,19,1593,1412,23,16,96,or
630,2,2,16,0,0,0,291,1365,3,20,-1,
631,3,2,16,1,0,0,291,1365,3,20,-1,
632,4,2,16,1,1,0,291,1365,3,20,-1,
633,5,2,16,1,1,1,291,1365,3,20,95, 
634,2,2,17,0,0,0,270,1365,4,20,-1,
635,3,2,17,1,0,0,270,1365,4,20,-1,
636,4,2,17,1,1,0,270,1365,4,20,-1,
637,5,2,17,1,1,1,270,1365,4,20,95, 
638,2,2,18,0,0,0,271,1382,22,4,-1,
639,3,2,18,1,0,0,271,1382,22,4,-1,
640,4,2,18,1,1,0,271,1382,22,4,-1,
641,5,2,18,1,1,1,271,1382,22,4,95, 
642,2,2,19,0,0,0,74,1442,1037,121,-1,
643,3,2,19,1,0,0,74,1442,1037,121,-1,
644,4,2,19,1,1,0,74,1442,878,29,-1,
645,5,2,19,1,1,1,74,1442,90,23,92,Orencia
646,5,2,19,1,1,2,175,1442,34,23,95,SC
647,5,2,19,1,1,3,218,1444,33,21,94,for
648,5,2,19,1,1,4,257,1444,22,21,96,at
649,5,2,19,1,1,5,288,1442,56,23,96,least
650,5,2,19,1,1,6,353,1444,11,21,96,3
651,5,2,19,1,1,7,375,1442,71,23,96,months
652,5,2,19,1,1,8,449,1449,44,16,96,or
653,5,2,19,1,1,9,500,1449,33,16,96,was
654,5,2,19,1,1,10,535,1442,131,23,95,intolerant
655,5,2,19,1,1,11,672,1444,22,21,95,to
656,5,2,19,1,1,12,704,1449,42,16,96,one
657,5,2,19,1,1,13,756,1442,22,23,96,of
658,5,2,19,1,1,14,784,1442,66,23,96,these
659,5,2,19,1,1,15,858,1442,94,29,96,agents?
660,4,2,19,1,2,0,104,1485,248,29,-1,
661,5,2,19,1,2,1,104,1491,23,23,19,7
662,5,2,19,1,2,2,141,1485,44,21,86,Yes
663,5,2,19,1,2,3,283,1491,23,23,61,oO
664,5,2,19,1,2,4,320,1485,32,21,65,No
665,4,2,19,1,3,0,74,1534,1037,29,-1,
666,5,2,19,1,3,1,74,1534,40,23,46,4.
667,5,2,19,1,3,2,123,1534,60,23,96,Which
668,5,2,19,1,3,3,184,1534,46,23,96,of
669,5,2,19,1,3,4,236,1534,64,23,95,these
670,5,2,19,1,3,5,309,1538,79,25,95,agents
671,5,2,19,1,3,6,397,1534,34,23,96,did
672,5,2,19,1,3,7,439,1538,37,19,96,the
673,5,2,19,1,3,8,485,1534,71,29,93,patient
674,5,2,19,1,3,9,557,1538,44,25,93,try
675,5,2,19,1,3,10,609,1534,32,23,96,for
676,5,2,19,1,3,11,649,1538,21,19,96,at
677,5,2,19,1,3,12,678,1534,56,23,96,least
678,5,2,19,1,3,13,743,1538,13,19,89,3
679,5,2,19,1,3,14,765,1534,86,23,96,months
680,5,2,19,1,3,15,861,1542,23,15,96,or
681,5,2,19,1,3,16,892,1534,61,23,88,could
682,5,2,19,1,3,17,964,1542,27,15,96,not
683,5,2,19,1,3,18,992,1534,119,23,96,tolerate?
684,2,2,20,0,0,0,144,1583,643,76,-1,
685,3,2,20,1,0,0,144,1583,643,76,-1,
686,4,2,20,1,1,0,144,1583,643,76,-1,
687,5,2,20,1,1,1,144,1593,92,39,48,Sine
688,5,2,20,1,1,2,241,1608,51,51,90,pe
689,5,2,20,1,1,3,308,1583,47,45,18,rR
690,5,2,20,1,1,4,429,1587,168,49,47,ad
691,5,2,20,1,1,5,598,1604,137,32,0,wk
692,5,2,20,1,1,6,747,1602,40,20,0,O
693,2,2,21,0,0,0,73,1716,979,69,-1,
694,3,2,21,1,0,0,73,1716,979,69,-1,
695,4,2,21,1,1,0,73,1716,979,26,-1,
696,5,2,21,1,1,1,73,1716,34,22,19,Q85.
697,5,2,21,1,1,2,109,1716,34,20,57,Is
698,5,2,21,1,1,3,152,1716,36,20,96,the
699,5,2,21,1,1,4,197,1716,127,20,96,medication
700,5,2,21,1,1,5,334,1716,63,26,96,being
701,5,2,21,1,1,6,408,1716,122,26,96,prescribed
702,5,2,21,1,1,7,540,1716,26,26,96,by
703,5,2,21,1,1,8,575,1720,24,16,78,of
704,5,2,21,1,1,9,607,1716,18,20,96,in
705,5,2,21,1,1,10,635,1716,140,20,96,consultation
706,5,2,21,1,1,11,784,1716,46,20,96,with
707,5,2,21,1,1,12,841,1720,12,16,96,a
708,5,2,21,1,1,13,864,1716,188,26,93,rheumatologist?
709,4,2,21,1,2,0,104,1755,248,30,-1,
710,5,2,21,1,2,1,104,1761,22,24,0,wi
711,5,2,21,1,2,2,140,1755,45,20,70,Yee
712,5,2,21,1,2,3,283,1761,22,24,36,(J
713,5,2,21,1,2,4,320,1755,32,20,69,Ne
714,2,2,22,0,0,0,73,1791,1503,78,-1,
715,3,2,22,1,0,0,73,1791,1503,78,-1,
716,4,2,22,1,1,0,73,1791,1503,39,-1,
717,5,2,22,1,1,1,73,1806,40,20,64,@8.
718,5,2,22,1,1,2,123,1806,41,20,95,Will
719,5,2,22,1,1,3,173,1806,36,20,93,the
720,5,2,22,1,1,4,219,1804,128,22,82,madication
721,5,2,22,1,1,5,357,1806,27,20,96,be
722,5,2,22,1,1,6,394,1806,55,20,96,used
723,5,2,22,1,1,7,459,1791,162,39,94,concomitantly
724,5,2,22,1,1,8,629,1806,46,20,89,with
725,5,2,22,1,1,9,686,1806,89,20,93,ancther
726,5,2,22,1,1,10,783,1804,91,26,85,biologic
727,5,2,22,1,1,11,882,1791,66,39,96,agent
728,5,2,22,1,1,12,956,1806,31,20,96,for
729,5,2,22,1,1,13,995,1791,35,35,95,an
730,5,2,22,1,1,14,1032,1791,151,39,84,Inflammatory
731,5,2,22,1,1,15,1193,1791,108,35,92,condition
732,5,2,22,1,1,16,1308,1806,39,24,94,(for
733,5,2,22,1,1,17,1356,1791,105,39,93,"example,"
734,5,2,22,1,1,18,1471,1791,105,37,53,"Actemra,"
735,4,2,22,1,2,0,73,1840,962,29,-1,
736,5,2,22,1,2,1,73,1840,85,27,91,"Cimzia,"
737,5,2,22,1,2,2,170,1840,82,27,93,"Enbrel,"
738,5,2,22,1,2,3,262,1840,91,27,92,"Humira,"
739,5,2,22,1,2,4,363,1840,90,27,93,"Kineret,"
740,5,2,22,1,2,5,463,1840,125,27,1,"Remicade,"
741,5,2,22,1,2,6,599,1840,95,27,93,"Rituxan,"
742,5,2,22,1,2,7,704,1847,23,16,93,or
743,5,2,22,1,2,8,736,1840,103,29,92,Simponi)
744,5,2,22,1,2,9,848,1847,25,16,96,or
745,5,2,22,1,2,10,879,1840,46,23,93,with
746,5,2,22,1,2,11,934,1840,101,29,92,Xeljanz?
747,2,2,23,0,0,0,58,1008,1611,875,-1,
748,3,2,23,1,0,0,58,1008,1611,875,-1,
749,4,2,23,1,1,0,58,1008,1611,875,-1,
750,5,2,23,1,1,1,58,1008,1611,875,95, 
751,2,2,24,0,0,0,89,1906,1415,138,-1,
752,3,2,24,1,0,0,305,1906,948,26,-1,
753,4,2,24,1,1,0,305,1906,948,26,-1,
754,5,2,24,1,1,1,305,1906,121,26,96,Physician
755,5,2,24,1,1,2,435,1906,123,26,96,Signature
756,5,2,24,1,1,3,1198,1906,55,22,96,Date
757,3,2,24,2,0,0,89,1940,1415,104,-1,
758,4,2,24,2,1,0,108,1940,1395,23,-1,
759,5,2,24,2,1,1,108,1957,18,6,0,“
760,5,2,24,2,1,2,346,1940,35,15,92,Thia
761,5,2,24,2,1,3,388,1940,71,19,89,telacopy
762,5,2,24,2,1,4,465,1940,104,15,58,trenamiaaion
763,5,2,24,2,1,5,578,1940,70,15,85,contains
764,5,2,24,2,1,6,655,1940,187,15,65,confidantialinformation
765,5,2,24,2,1,7,850,1940,80,19,9,belonging
766,5,2,24,2,1,8,937,1940,16,15,89,to
767,5,2,24,2,1,9,961,1940,25,15,96,tha
768,5,2,24,2,1,10,994,1940,58,15,22,sender
769,5,2,24,2,1,11,1058,1940,31,17,96,that
770,5,2,24,2,1,12,1097,1940,13,15,66,ia
771,5,2,24,2,1,13,1117,1940,53,19,40,legally
772,5,2,24,2,1,14,1179,1940,82,19,45,paged.
773,5,2,24,2,1,15,1270,1940,34,17,84,This
774,5,2,24,2,1,16,1313,1940,91,17,83,Information
775,5,2,24,2,1,17,1412,1940,13,17,79,je
776,5,2,24,2,1,18,1433,1940,70,17,7,Imendad
777,4,2,24,2,2,0,346,1961,1158,20,-1,
778,5,2,24,2,2,1,346,1961,34,20,87,only
779,5,2,24,2,2,2,389,1961,22,16,96,for
780,5,2,24,2,2,3,418,1961,27,16,96,the
781,5,2,24,2,2,4,454,1965,30,12,96,use
782,5,2,24,2,2,5,493,1961,16,16,96,of
783,5,2,24,2,2,6,515,1961,28,16,96,the
784,5,2,24,2,2,7,551,1961,77,16,76,individual
785,5,2,24,2,2,8,638,1965,17,12,93,or
786,5,2,24,2,2,9,664,1961,44,20,18,entty
787,5,2,24,2,2,10,717,1961,55,16,55,named
788,5,2,24,2,2,11,782,1961,55,16,92,above.
789,5,2,24,2,2,12,847,1961,32,16,96,The
790,5,2,24,2,2,13,887,1961,88,16,95,authorized
791,5,2,24,2,2,14,984,1961,70,20,93,recipient
792,5,2,24,2,2,15,1063,1963,16,14,96,of
793,5,2,24,2,2,16,1086,1963,31,14,92,this
794,5,2,24,2,2,17,1126,1963,90,14,95,information
795,5,2,24,2,2,18,1226,1963,13,14,69,is
796,5,2,24,2,2,19,1248,1963,81,18,63,prohibited
797,5,2,24,2,2,20,1337,1963,38,14,92,from
798,5,2,24,2,2,21,1385,1963,80,18,72,diadosing
799,5,2,24,2,2,22,1475,1963,29,14,89,this
800,4,2,24,2,3,0,89,1983,1415,21,-1,
801,5,2,24,2,3,1,89,1987,6,8,10,*
802,5,2,24,2,3,2,346,1983,92,15,88,information
803,5,2,24,2,3,3,446,1983,16,15,95,to
804,5,2,24,2,3,4,469,1987,31,15,93,any
805,5,2,24,2,3,5,508,1983,43,15,86,other
806,5,2,24,2,3,6,558,1983,45,19,95,"party,"
807,5,2,24,2,3,7,613,1983,10,17,25,Wf
808,5,2,24,2,3,8,630,1987,30,15,94,you
809,5,2,24,2,3,9,667,1987,28,11,92,are
810,5,2,24,2,3,10,704,1983,24,17,92,not
811,5,2,24,2,3,11,735,1983,27,15,95,the
812,5,2,24,2,3,12,770,1983,71,17,58,intended
813,5,2,24,2,3,13,850,1983,75,19,48,"recipient,"
814,5,2,24,2,3,14,933,1987,30,15,95,you
815,5,2,24,2,3,15,972,1987,26,13,95,are
816,5,2,24,2,3,16,1007,1983,56,19,80,hereby
817,5,2,24,2,3,17,1072,1983,58,17,88,notified
818,5,2,24,2,3,18,1138,1983,32,17,96,that
819,5,2,24,2,3,19,1178,1987,29,17,93,any
820,5,2,24,2,3,20,1215,1983,87,19,9,"diaclosure,"
821,5,2,24,2,3,21,1312,1983,68,21,93,"copying,"
822,5,2,24,2,3,22,1389,1983,90,17,65,dlatributian
823,5,2,24,2,3,23,1488,1987,16,13,96,or
824,4,2,24,2,4,0,346,2004,1158,20,-1,
825,5,2,24,2,4,1,346,2004,49,16,75,actlan
826,5,2,24,2,4,2,402,2004,45,16,96,taken
827,5,2,24,2,4,3,454,2006,13,14,96,in
828,5,2,24,2,4,4,475,2006,79,14,63,reference
829,5,2,24,2,4,5,560,2006,14,14,95,to
830,5,2,24,2,4,6,581,2004,26,16,96,the
831,5,2,24,2,4,7,614,2006,70,14,72,contents
832,5,2,24,2,4,8,690,2006,17,14,96,of
833,5,2,24,2,4,9,712,2004,29,16,95,this
834,5,2,24,2,4,10,747,2004,82,16,94,document
835,5,2,24,2,4,11,836,2004,13,16,79,ls
836,5,2,24,2,4,12,856,2004,52,20,38,strety
837,5,2,24,2,4,13,915,2004,86,20,78,prohibited.
838,5,2,24,2,4,14,1009,2006,10,14,90,If
839,5,2,24,2,4,15,1025,2008,29,16,96,you
840,5,2,24,2,4,16,1061,2006,40,14,96,have
841,5,2,24,2,4,17,1108,2006,70,14,79,received
842,5,2,24,2,4,18,1183,2006,29,14,93,this
843,5,2,24,2,4,19,1218,2006,70,18,76,telecopy
844,5,2,24,2,4,20,1294,2006,15,14,95,in
845,5,2,24,2,4,21,1315,2010,44,12,92,"error,"
846,5,2,24,2,4,22,1367,2006,54,18,21,please
847,5,2,24,2,4,23,1428,2006,44,18,94,notify
848,5,2,24,2,4,24,1478,2006,26,14,95,the
849,4,2,24,2,5,0,346,2026,513,18,-1,
850,5,2,24,2,5,1,346,2026,51,16,55,gander
851,5,2,24,2,5,2,398,2026,111,18,94,immediately
852,5,2,24,2,5,3,513,2026,16,16,92,ta
853,5,2,24,2,5,4,535,2030,53,14,82,arrange
854,5,2,24,2,5,5,589,2026,37,16,95,for
855,5,2,24,2,5,6,631,2026,27,14,92,the
856,5,2,24,2,5,7,664,2028,47,12,44,rstum
857,5,2,24,2,5,8,718,2026,15,16,92,of
858,5,2,24,2,5,9,737,2026,30,16,89,thia
859,5,2,24,2,5,10,772,2026,87,16,75,"document,"
860,2,2,25,0,0,0,1627,1977,51,16,-1,
861,3,2,25,1,0,0,1627,1977,51,16,-1,
862,4,2,25,1,1,0,1627,1977,51,16,-1,
863,5,2,25,1,1,1,1627,1977,51,16,82,1of2
864,2,2,26,0,0,0,813,2089,261,72,-1,
865,3,2,26,1,0,0,813,2089,261,72,-1,
866,4,2,26,1,1,0,813,2089,261,72,-1,
867,5,2,26,1,1,1,813,2110,84,45,0,Lr
868,5,2,26,1,1,2,898,2108,114,53,0,gen
869,5,2,26,1,1,3,1032,2089,42,37,7,ie
870,1,3,0,0,0,0,0,0,1695,2396,-1,
871,2,3,1,0,0,0,0,1183,12,786,-1,
872,3,3,1,1,0,0,0,1183,12,786,-1,
873,4,3,1,1,1,0,0,1183,12,786,-1,
874,5,3,1,1,1,1,0,1183,12,786,95, 
875,2,3,2,0,0,0,159,2,408,20,-1,
876,3,3,2,1,0,0,159,2,408,20,-1,
877,4,3,2,1,1,0,159,2,408,20,-1,
878,5,3,2,1,1,1,159,2,253,20,90,CareContinuum
879,5,3,2,1,1,2,435,12,15,2,41,—-
880,5,3,2,1,1,3,472,2,95,20,91,PAHub
881,2,3,3,0,0,0,1296,112,176,96,-1,
882,3,3,3,1,0,0,1296,112,176,96,-1,
883,4,3,3,1,1,0,1296,112,176,96,-1,
884,5,3,3,1,1,1,1296,112,82,73,73,As
885,5,3,3,1,1,2,1399,138,73,70,94,AP
886,2,3,4,0,0,0,457,242,1032,104,-1,
887,3,3,4,1,0,0,457,242,1032,104,-1,
888,4,3,4,1,1,0,457,242,699,29,-1,
889,5,3,4,1,1,1,457,242,196,27,96,ADDITIONAL
890,5,3,4,1,1,2,665,242,222,27,96,INFORMATION
891,5,3,4,1,1,3,900,244,154,27,95,REQUEST
892,5,3,4,1,1,4,1065,244,91,25,96,FORM
893,4,3,4,1,2,0,717,279,772,35,-1,
894,5,3,4,1,2,1,717,279,54,23,43,EOC
895,5,3,4,1,2,2,781,281,33,21,68,ID:
896,5,3,4,1,2,3,824,279,70,23,76,63401
897,5,3,4,1,2,4,1470,306,19,8,52,.
898,4,3,4,1,3,0,641,318,815,28,-1,
899,5,3,4,1,3,1,641,318,97,20,76,Orencia
900,5,3,4,1,3,2,749,318,57,20,88,Care
901,5,3,4,1,3,3,816,318,139,20,94,Continuum
902,5,3,4,1,3,4,1450,338,6,8,49,‘
903,2,3,5,0,0,0,89,355,1397,161,-1,
904,3,3,5,1,0,0,89,355,1397,161,-1,
905,4,3,5,1,1,0,92,355,1030,59,-1,
906,5,3,5,1,1,1,92,355,367,59,90,CARECONTINUUM
907,5,3,5,1,1,2,462,367,96,26,72,Prone:
908,5,3,5,1,1,3,568,373,165,20,92,877-700-3482
909,5,3,5,1,1,4,753,371,45,22,92,Fax
910,5,3,5,1,1,5,807,371,60,22,95,back
911,5,3,5,1,1,6,873,373,33,20,83,to:
912,5,3,5,1,1,7,917,373,164,20,74,877-630-1012
913,5,3,5,1,1,8,1091,373,31,20,96,Or
914,4,3,5,1,2,0,626,402,361,26,-1,
915,5,3,5,1,2,1,626,402,120,26,92,Complete
916,5,3,5,1,2,2,754,402,47,22,95,this
917,5,3,5,1,2,3,810,402,58,22,96,form
918,5,3,5,1,2,4,877,402,78,22,95,online
919,5,3,5,1,2,5,964,404,23,20,96,at
920,4,3,5,1,3,0,555,432,505,27,-1,
921,5,3,5,1,3,1,555,432,505,27,42,https://esiqa.pahub.com/esi_dev_qa_pp
922,4,3,5,1,4,0,89,493,1397,23,-1,
923,5,3,5,1,4,1,89,493,189,19,90,CARECONTINUUM
924,5,3,5,1,4,2,285,493,15,19,82,Is
925,5,3,5,1,4,3,307,493,98,19,86,contracted
926,5,3,5,1,4,4,412,495,17,17,96,to
927,5,3,5,1,4,5,437,493,69,23,61,provide
928,5,3,5,1,4,6,513,493,145,23,67,pre-certification
929,5,3,5,1,4,7,665,493,34,19,96,and
930,5,3,5,1,4,8,708,493,120,19,73,authorization
931,5,3,5,1,4,9,836,493,19,19,92,of
932,5,3,5,1,4,10,860,493,52,19,90,homa
933,5,3,5,1,4,11,920,493,56,19,26,health
934,5,3,5,1,4,12,983,493,61,19,94,and/or
935,5,3,5,1,4,13,1051,493,52,19,93,home
936,5,3,5,1,4,14,1110,493,72,19,74,infuslan
937,5,3,5,1,4,15,1189,493,84,21,69,"services,"
938,5,3,5,1,4,16,1281,493,48,19,92,MDO
939,5,3,5,1,4,17,1336,497,19,15,94,or
940,5,3,5,1,4,18,1360,493,35,19,91,AIC
941,5,3,5,1,4,19,1402,493,84,19,69,sarvicas.
942,2,3,6,0,0,0,88,518,1388,47,-1,
943,3,3,6,1,0,0,88,518,1388,47,-1,
944,4,3,6,1,1,0,89,518,1387,22,-1,
945,5,3,6,1,1,1,89,518,66,18,64,Cartaln
946,5,3,6,1,1,2,163,518,82,22,96,requests
947,5,3,6,1,1,3,252,518,25,18,96,for
948,5,3,6,1,1,4,283,522,87,18,95,coverage
949,5,3,6,1,1,5,377,518,66,22,13,require
950,5,3,6,1,1,6,450,518,61,18,82,review
951,5,3,6,1,1,7,516,518,38,18,96,with
952,5,3,6,1,1,8,561,518,29,18,96,the
953,5,3,6,1,1,9,598,518,102,22,77,prescribing
954,5,3,6,1,1,10,708,518,93,22,35,"physician,"
955,5,3,6,1,1,11,810,518,64,18,94,Please
956,5,3,6,1,1,12,881,522,60,14,31,answer
957,5,3,6,1,1,13,943,518,41,18,89,the
958,5,3,6,1,1,14,991,518,83,22,95,following
959,5,3,6,1,1,15,1081,518,91,22,74,questions
960,5,3,6,1,1,16,1180,518,33,18,95,and
961,5,3,6,1,1,17,1220,518,29,18,93,fax
962,5,3,6,1,1,18,1254,518,34,18,93,this
963,5,3,6,1,1,19,1294,518,42,18,96,form
964,5,3,6,1,1,20,1342,520,18,16,95,to
965,5,3,6,1,1,21,1366,518,30,18,96,the
966,5,3,6,1,1,22,1403,518,73,18,95,number
967,4,3,6,1,2,0,88,542,943,23,-1,
968,5,3,6,1,2,1,88,542,48,19,96,listed
969,5,3,6,1,2,2,144,544,62,17,79,above.
970,5,3,6,1,2,3,215,542,66,19,43,Pléaee
971,5,3,6,1,2,4,289,544,43,17,78,note
972,5,3,6,1,2,5,339,546,36,19,96,any
973,5,3,6,1,2,6,383,542,116,19,87,Information
974,5,3,6,1,2,7,507,542,31,19,94,left
975,5,3,6,1,2,8,545,542,55,19,95,blank
976,5,3,6,1,2,9,607,546,11,15,94,or
977,5,3,6,1,2,10,619,542,94,23,86,illegible
978,5,3,6,1,2,11,725,546,42,19,95,may
979,5,3,6,1,2,12,774,542,53,23,96,delay
980,5,3,6,1,2,13,834,542,32,19,96,the
981,5,3,6,1,2,14,873,542,66,19,85,review
982,5,3,6,1,2,15,946,546,85,19,68,process.
983,2,3,7,0,0,0,89,573,1114,51,-1,
984,3,3,7,1,0,0,89,573,1114,51,-1,
985,4,3,7,1,1,0,89,573,1114,51,-1,
986,5,3,7,1,1,1,89,589,79,21,77,Patient
987,5,3,7,1,1,2,176,589,71,21,48,Name:
988,5,3,7,1,1,3,256,589,112,21,92,CARROLL
989,5,3,7,1,1,4,382,589,81,21,74,AHDIJJ
990,5,3,7,1,1,5,795,573,5,51,39,|
991,5,3,7,1,1,6,825,589,119,21,20,Presecribar
992,5,3,7,1,1,7,952,589,71,21,95,Name:
993,5,3,7,1,1,8,1031,589,51,21,95,Jane
994,5,3,7,1,1,9,1089,589,21,21,83,A.
995,5,3,7,1,1,10,1121,589,82,21,56,Molinari
996,2,3,8,0,0,0,77,683,1462,72,-1,
997,3,3,8,1,0,0,77,683,1462,72,-1,
998,4,3,8,1,1,0,77,683,1462,29,-1,
999,5,3,8,1,1,1,77,689,57,23,83,|
1000,5,3,8,1,1,2,149,683,82,29,35,ves
1001,5,3,8,1,1,3,285,683,199,29,11,No
1002,5,3,8,1,1,4,1228,710,16,2,0,-
1003,5,3,8,1,1,5,1327,710,212,2,0,De
1004,4,3,8,1,2,0,82,726,1425,29,-1,
1005,5,3,8,1,2,1,82,726,40,23,73,"Q7,"
1006,5,3,8,1,2,2,133,726,79,23,96,Please
1007,5,3,8,1,2,3,222,726,86,27,97,provide
1008,5,3,8,1,2,4,315,726,38,23,96,the
1009,5,3,8,1,2,5,362,726,98,29,88,patient's
1010,5,3,8,1,2,6,469,728,83,21,96,current
1011,5,3,8,1,2,7,559,726,77,27,96,weight
1012,5,3,8,1,2,8,645,726,19,23,95,in
1013,5,3,8,1,2,9,674,726,32,27,96,"kg,"
1014,5,3,8,1,2,10,717,728,82,21,96,current
1015,5,3,8,1,2,11,807,726,57,23,96,dose
1016,5,3,8,1,2,12,873,726,23,23,93,of
1017,5,3,8,1,2,13,903,726,91,23,91,Orencia
1018,5,3,8,1,2,14,1004,726,19,23,96,in
1019,5,3,8,1,2,15,1032,732,42,21,95,"mg,"
1020,5,3,8,1,2,16,1084,726,42,23,96,and
1021,5,3,8,1,2,17,1135,726,36,23,96,the
1022,5,3,8,1,2,18,1180,726,117,27,96,frequency
1023,5,3,8,1,2,19,1306,726,23,23,96,of
1024,5,3,8,1,2,20,1336,726,171,23,96,administration.
1025,2,3,9,0,0,0,242,773,722,73,-1,
1026,3,3,9,1,0,0,242,773,722,73,-1,
1027,4,3,9,1,1,0,242,773,722,73,-1,
1028,5,3,9,1,1,1,242,781,5,29,58,|
1029,5,3,9,1,1,2,263,779,18,39,0,(.
1030,5,3,9,1,1,3,297,785,33,37,0,y
1031,5,3,9,1,1,4,360,785,26,27,55,ke
1032,5,3,9,1,1,5,396,791,25,45,52,+
1033,5,3,9,1,1,6,529,787,3,33,88,|
1034,5,3,9,1,1,7,563,791,33,41,78,be
1035,5,3,9,1,1,8,613,773,103,35,57,roa
1036,5,3,9,1,1,9,724,789,27,57,0,T
1037,5,3,9,1,1,10,815,779,66,39,12,Lece
1038,5,3,9,1,1,11,903,789,61,53,7,a
1039,2,3,10,0,0,0,174,879,1050,21,-1,
1040,3,3,10,1,0,0,174,879,1050,21,-1,
1041,4,3,10,1,1,0,174,879,1050,21,-1,
1042,5,3,10,1,1,1,174,879,1050,21,95, 
1043,2,3,11,0,0,0,82,906,1151,26,-1,
1044,3,3,11,1,0,0,82,906,1151,26,-1,
1045,4,3,11,1,1,0,82,906,1151,26,-1,
1046,5,3,11,1,1,1,82,906,39,22,91,Q8.
1047,5,3,11,1,1,2,133,906,79,22,92,Please
1048,5,3,11,1,1,3,222,906,86,26,95,provide
1049,5,3,11,1,1,4,316,910,43,22,96,any
1050,5,3,11,1,1,5,367,906,113,22,95,additional
1051,5,3,11,1,1,6,490,906,129,22,83,information
1052,5,3,11,1,1,7,629,906,45,20,96,that
1053,5,3,11,1,1,8,682,910,41,22,96,you
1054,5,3,11,1,1,9,731,906,69,20,93,would
1055,5,3,11,1,1,10,810,906,39,20,34,Ilke
1056,5,3,11,1,1,11,857,906,21,22,96,to
1057,5,3,11,1,1,12,887,906,29,20,96,be
1058,5,3,11,1,1,13,924,906,115,22,96,considered
1059,5,3,11,1,1,14,1041,906,43,22,96,for
1060,5,3,11,1,1,15,1086,906,57,22,96,this
1061,5,3,11,1,1,16,1152,906,81,22,96,review.
1062,2,3,12,0,0,0,198,955,1163,67,-1,
1063,3,3,12,1,0,0,198,955,1163,67,-1,
1064,4,3,12,1,1,0,198,955,1163,67,-1,
1065,5,3,12,1,1,1,198,967,18,20,58,i?
1066,5,3,12,1,1,2,224,983,21,19,21,oy
1067,5,3,12,1,1,3,257,965,31,35,54,i
1068,5,3,12,1,1,4,298,977,49,18,48,pty
1069,5,3,12,1,1,5,359,963,15,26,92,t
1070,5,3,12,1,1,6,429,955,56,49,26,2A
1071,5,3,12,1,1,7,542,969,15,18,66,&
1072,5,3,12,1,1,8,568,963,13,30,0,f-
1073,5,3,12,1,1,9,588,975,11,14,43,yr
1074,5,3,12,1,1,10,608,977,29,31,70,“y
1075,5,3,12,1,1,11,648,957,50,51,63,offs
1076,5,3,12,1,1,12,711,969,50,53,28,“y
1077,5,3,12,1,1,13,816,959,71,32,26,"were,"
1078,5,3,12,1,1,14,955,955,76,38,0,Pho
1079,5,3,12,1,1,15,1087,967,46,24,42,my
1080,5,3,12,1,1,16,1144,961,46,32,49,cis’
1081,5,3,12,1,1,17,1200,975,46,22,54,boty
1082,5,3,12,1,1,18,1259,965,29,35,18,19
1083,5,3,12,1,1,19,1300,981,61,12,27,0
1084,2,3,13,0,0,0,66,651,1611,433,-1,
1085,3,3,13,1,0,0,66,651,1611,433,-1,
1086,4,3,13,1,1,0,66,651,1611,433,-1,
1087,5,3,13,1,1,1,66,651,1611,433,95,  
1088,2,3,14,0,0,0,193,1024,549,57,-1,
1089,3,3,14,1,0,0,193,1024,549,57,-1,
1090,4,3,14,1,1,0,193,1024,545,39,-1,
1091,5,3,14,1,1,1,193,1024,125,39,1,Nogtay
1092,5,3,14,1,1,2,325,1030,61,31,52,“ted
1093,5,3,14,1,1,3,467,1036,58,19,2,Von
1094,5,3,14,1,1,4,537,1042,50,17,2,rw
1095,5,3,14,1,1,5,594,1032,68,29,0,dier
1096,5,3,14,1,1,6,675,1028,28,35,82,fe
1097,5,3,14,1,1,7,717,1038,21,19,56,U
1098,4,3,14,1,2,0,736,1073,6,8,-1,
1099,5,3,14,1,2,1,736,1073,6,8,0,-
1100,2,3,15,0,0,0,719,1081,17,41,-1,
1101,3,3,15,1,0,0,719,1081,17,41,-1,
1102,4,3,15,1,1,0,719,1081,17,41,-1,
1103,5,3,15,1,1,1,719,1081,17,41,87,(
1104,2,3,16,0,0,0,735,1062,942,22,-1,
1105,3,3,16,1,0,0,735,1062,942,22,-1,
1106,4,3,16,1,1,0,735,1062,942,22,-1,
1107,5,3,16,1,1,1,735,1062,942,22,95, 
1108,2,3,17,0,0,0,849,1369,249,80,-1,
1109,3,3,17,1,0,0,849,1369,249,80,-1,
1110,4,3,17,1,1,0,849,1369,249,80,-1,
1111,5,3,17,1,1,1,849,1371,35,61,43,C
1112,5,3,17,1,1,2,896,1400,21,26,64,%
1113,5,3,17,1,1,3,933,1393,43,56,25,|r
1114,5,3,17,1,1,4,992,1369,48,49,74,din
1115,5,3,17,1,1,5,1054,1369,44,43,72,te
1116,2,3,18,0,0,0,95,1900,1590,138,-1,
1117,3,3,18,1,0,0,95,1900,1590,138,-1,
1118,4,3,18,1,1,0,310,1900,951,26,-1,
1119,5,3,18,1,1,1,310,1900,123,26,90,Physiclan
1120,5,3,18,1,1,2,442,1900,122,26,96,Signature
1121,5,3,18,1,1,3,1205,1900,56,20,96,Date
1122,4,3,18,1,2,0,115,1932,1396,25,-1,
1123,5,3,18,1,2,1,115,1949,18,8,16,<i
1124,5,3,18,1,2,2,353,1932,35,17,93,This
1125,5,3,18,1,2,3,395,1932,69,19,58,telecopy
1126,5,3,18,1,2,4,472,1932,104,17,86,transmission
1127,5,3,18,1,2,5,585,1932,69,17,71,contalns
1128,5,3,18,1,2,6,662,1932,186,17,78,confidentialinformation
1129,5,3,18,1,2,7,857,1932,79,21,94,belonging
1130,5,3,18,1,2,8,944,1934,16,15,96,to
1131,5,3,18,1,2,9,968,1934,25,15,96,the
1132,5,3,18,1,2,10,1001,1932,57,17,78,sender
1133,5,3,18,1,2,11,1064,1934,32,15,96,that
1134,5,3,18,1,2,12,1104,1934,13,15,90,is
1135,5,3,18,1,2,13,1125,1932,52,21,89,legally
1136,5,3,18,1,2,14,1184,1932,84,21,62,privileged.
1137,5,3,18,1,2,15,1277,1934,35,15,87,Thia
1138,5,3,18,1,2,16,1320,1934,91,15,96,information
1139,5,3,18,1,2,17,1420,1934,13,15,73,is
1140,5,3,18,1,2,18,1440,1934,71,15,72,intended
1141,4,3,18,1,3,0,102,1949,1409,46,-1,
1142,5,3,18,1,3,1,102,1949,14,46,16,f
1143,5,3,18,1,3,2,353,1953,33,20,82,only
1144,5,3,18,1,3,3,395,1955,23,14,96,for
1145,5,3,18,1,3,4,425,1955,27,14,95,the
1146,5,3,18,1,3,5,461,1957,29,12,0,us
1147,5,3,18,1,3,6,500,1955,15,14,92,of
1148,5,3,18,1,3,7,522,1955,27,14,94,the
1149,5,3,18,1,3,8,558,1953,76,16,87,individual
1150,5,3,18,1,3,9,645,1959,17,10,77,of
1151,5,3,18,1,3,10,669,1955,45,18,95,entity
1152,5,3,18,1,3,11,723,1955,56,14,94,named
1153,5,3,18,1,3,12,789,1955,54,14,89,above.
1154,5,3,18,1,3,13,854,1955,31,14,96,The
1155,5,3,18,1,3,14,894,1955,87,14,56,authorized
1156,5,3,18,1,3,15,991,1955,70,18,34,recipient
1157,5,3,18,1,3,16,1070,1955,15,14,96,of
1158,5,3,18,1,3,17,1093,1955,30,16,92,this
1159,5,3,18,1,3,18,1131,1955,92,16,91,information
1160,5,3,18,1,3,19,1233,1955,12,16,70,ta
1161,5,3,18,1,3,20,1256,1955,80,18,75,prohibited
1162,5,3,18,1,3,21,1344,1955,39,16,92,from
1163,5,3,18,1,3,22,1391,1955,82,20,51,diaclosing
1164,5,3,18,1,3,23,1482,1955,29,16,44,this
1165,4,3,18,1,4,0,95,1969,1590,26,-1,
1166,5,3,18,1,4,1,95,1981,6,6,45,=
1167,5,3,18,1,4,2,353,1975,91,16,90,Information
1168,5,3,18,1,4,3,452,1977,15,14,96,to
1169,5,3,18,1,4,4,476,1979,30,16,96,any
1170,5,3,18,1,4,5,513,1975,44,16,96,other
1171,5,3,18,1,4,6,564,1977,46,18,93,party.
1172,5,3,18,1,4,7,619,1975,10,16,90,If
1173,5,3,18,1,4,8,636,1979,30,14,94,you
1174,5,3,18,1,4,9,674,1979,28,12,96,are
1175,5,3,18,1,4,10,710,1977,25,14,93,not
1176,5,3,18,1,4,11,742,1975,27,16,96,the
1177,5,3,18,1,4,12,776,1975,72,16,88,Intended
1178,5,3,18,1,4,13,857,1975,73,20,39,"recipient,"
1179,5,3,18,1,4,14,940,1979,29,16,96,you
1180,5,3,18,1,4,15,978,1979,26,12,88,are
1181,5,3,18,1,4,16,1013,1975,57,20,94,hereby
1182,5,3,18,1,4,17,1078,1977,59,14,95,notified
1183,5,3,18,1,4,18,1144,1977,33,14,96,that
1184,5,3,18,1,4,19,1183,1979,31,16,96,any
1185,5,3,18,1,4,20,1222,1977,88,16,38,"disclosure,"
1186,5,3,18,1,4,21,1319,1977,68,18,96,"copying,"
1187,5,3,18,1,4,22,1397,1977,90,14,89,distribution
1188,5,3,18,1,4,23,1494,1981,18,10,96,or
1189,5,3,18,1,4,24,1634,1969,51,18,42,2o0f2
1190,4,3,18,1,5,0,353,1998,1158,20,-1,
1191,5,3,18,1,5,1,353,1998,49,14,31,ction
1192,5,3,18,1,5,2,408,1998,46,14,94,taken
1193,5,3,18,1,5,3,461,1998,13,14,96,in
1194,5,3,18,1,5,4,481,1998,79,14,69,reference
1195,5,3,18,1,5,5,565,1998,16,14,96,to
1196,5,3,18,1,5,6,587,1998,27,14,90,the
1197,5,3,18,1,5,7,619,1998,72,14,81,contenta
1198,5,3,18,1,5,8,697,1998,17,14,93,of
1199,5,3,18,1,5,9,718,1998,29,14,91,thia
1200,5,3,18,1,5,10,754,1998,81,14,39,documant
1201,5,3,18,1,5,11,842,1998,14,14,55,ia
1202,5,3,18,1,5,12,862,1998,52,18,87,strictly
1203,5,3,18,1,5,13,922,1998,85,18,93,"prohibited,"
1204,5,3,18,1,5,14,1015,1998,11,16,60,!f
1205,5,3,18,1,5,15,1030,2002,30,14,90,yau
1206,5,3,18,1,5,16,1068,1998,40,16,96,have
1207,5,3,18,1,5,17,1115,1998,68,16,6,received
1208,5,3,18,1,5,18,1190,1998,30,16,93,this
1209,5,3,18,1,5,19,1226,1998,69,20,91,telecopy
1210,5,3,18,1,5,20,1302,1998,14,16,81,In
1211,5,3,18,1,5,21,1323,2002,42,14,86,"error,"
1212,5,3,18,1,5,22,1374,1998,54,20,87,please
1213,5,3,18,1,5,23,1436,1998,43,20,72,notify
1214,5,3,18,1,5,24,1485,1998,26,16,95,the
1215,4,3,18,1,6,0,353,2018,512,20,-1,
1216,5,3,18,1,6,1,353,2018,58,16,30,sender
1217,5,3,18,1,6,2,414,2018,100,20,30,immediately
1218,5,3,18,1,6,3,519,2020,16,14,95,to
1219,5,3,18,1,6,4,541,2022,64,16,77,arrange
1220,5,3,18,1,6,5,611,2018,22,16,95,for
1221,5,3,18,1,6,6,637,2018,27,16,95,the
1222,5,3,18,1,6,7,669,2020,49,14,17,return
1223,5,3,18,1,6,8,723,2020,17,14,96,of
1224,5,3,18,1,6,9,744,2018,29,16,95,this
1225,5,3,18,1,6,10,779,2018,86,16,73,document.
